productId,productDisplayName,etsySku,templateId,templateName,templateFormat,templateCategory,canvaDesignTitle,buildStatus,canvaTemplateUrl,importStatus,owner,priority,notes
botox-consent-bundle,Botox & Neurotoxin Consent + Pre/Post Care Bundle,NPA-BTX-001,btx-consent-form,Botox / Neurotoxin Informed Consent Form,8.5x11,forms,,not_started,PLACEHOLDER_CANVA_URL,not_imported,,,
botox-consent-bundle,Botox & Neurotoxin Consent + Pre/Post Care Bundle,NPA-BTX-001,btx-consultation-form,Neurotoxin Consultation & Medical History Form,8.5x11,forms,,not_started,PLACEHOLDER_CANVA_URL,not_imported,,,
botox-consent-bundle,Botox & Neurotoxin Consent + Pre/Post Care Bundle,NPA-BTX-001,btx-photo-release,Before/After Photography Consent,8.5x11,forms,,not_started,PLACEHOLDER_CANVA_URL,not_imported,,,
botox-consent-bundle,Botox & Neurotoxin Consent + Pre/Post Care Bundle,NPA-BTX-001,btx-postcare,Post-Treatment Aftercare Instructions — Neurotoxin,8.5x11,education,,not_started,PLACEHOLDER_CANVA_URL,not_imported,,,
botox-consent-bundle,Botox & Neurotoxin Consent + Pre/Post Care Bundle,NPA-BTX-001,btx-precare,Pre-Treatment Instructions — Neurotoxin,8.5x11,education,,not_started,PLACEHOLDER_CANVA_URL,not_imported,,,
botox-consent-bundle,Botox & Neurotoxin Consent + Pre/Post Care Bundle,NPA-BTX-001,btx-treatment-record,Neurotoxin Treatment Record & Dosing Log,8.5x11,clinical-record,,not_started,PLACEHOLDER_CANVA_URL,not_imported,,,
botox-social-bundle,Botox Social Media Bundle,NPA-BSX-001,bsx-consult-01,Botox Consultation Checklist,1080x1080,social,,not_started,PLACEHOLDER_CANVA_URL,not_imported,,,
botox-social-bundle,Botox Social Media Bundle,NPA-BSX-001,bsx-consult-02,What to Ask at Your First Visit,1080x1080,social,,not_started,PLACEHOLDER_CANVA_URL,not_imported,,,
botox-social-bundle,Botox Social Media Bundle,NPA-BSX-001,bsx-cta-01,Book Your Botox Consultation,1080x1080,marketing,,not_started,PLACEHOLDER_CANVA_URL,not_imported,,,
botox-social-bundle,Botox Social Media Bundle,NPA-BSX-001,bsx-ed-01,Botox 101: How Neurotoxin Works,1080x1080,social,,not_started,PLACEHOLDER_CANVA_URL,not_imported,,,
botox-social-bundle,Botox Social Media Bundle,NPA-BSX-001,bsx-ed-02,Forehead vs Frown Lines Guide,1080x1080,social,,not_started,PLACEHOLDER_CANVA_URL,not_imported,,,
botox-social-bundle,Botox Social Media Bundle,NPA-BSX-001,bsx-myth-01,Myth vs Fact: Frozen Face,1080x1080,social,,not_started,PLACEHOLDER_CANVA_URL,not_imported,,,
botox-social-bundle,Botox Social Media Bundle,NPA-BSX-001,bsx-myth-02,Myth vs Fact: Too Young for Botox,1080x1080,social,,not_started,PLACEHOLDER_CANVA_URL,not_imported,,,
botox-social-bundle,Botox Social Media Bundle,NPA-BSX-001,bsx-promo-01,New Patient Botox Offer,1080x1080,marketing,,not_started,PLACEHOLDER_CANVA_URL,not_imported,,,
botox-social-bundle,Botox Social Media Bundle,NPA-BSX-001,bsx-promo-02,Limited Spots This Week,1080x1080,marketing,,not_started,PLACEHOLDER_CANVA_URL,not_imported,,,
botox-social-bundle,Botox Social Media Bundle,NPA-BSX-001,bsx-retain-01,When to Rebook Your Botox,1080x1080,social,,not_started,PLACEHOLDER_CANVA_URL,not_imported,,,
combo-bundle,Complete Med Spa Digital Bundle — IV + Weight Loss + Social,NPA-CB-001,cb-cancellation-policy,Cancellation & No-Show Policy,8.5x11,forms,,not_started,PLACEHOLDER_CANVA_URL,not_imported,,,
combo-bundle,Complete Med Spa Digital Bundle — IV + Weight Loss + Social,NPA-CB-001,cb-hipaa-release,HIPAA Notice & Photo Release — Universal,8.5x11,forms,,not_started,PLACEHOLDER_CANVA_URL,not_imported,,,
combo-bundle,Complete Med Spa Digital Bundle — IV + Weight Loss + Social,NPA-CB-001,cb-iv-aftercare,IV Therapy Aftercare Instructions,8.5x11,education,,link_ready,https://www.canva.com/api/design/eyJhbGciOiJkaXIiLCJlbmMiOiJBMjU2R0NNIiwiZXhwaXJ5IjoxNzc3NTI2OTI1NTM3fQ..TibPm2VN879cLzW7.c69ykieCEDKQv10fT_Rz2RSwhHPAjlogupe0iVfZhMurNEi3zrqlcjfr16AK9U_8irGsz5T34prRldJT5Xjo-9jwWYvmdWz1zjORpULOAHc7OEg.Qj8Vv84U3LqbVftYKPmvhQ/edit?utm_source=OC-AZ06epE9RQFJ&utm_medium=referral&utm_term=da96a307-cd82-431b-a6e9-7ca25944bc56&utm_campaign=public_api_list_design_clicked_hyperlink,ready_to_import,,,auto-filled from Canva API
combo-bundle,Complete Med Spa Digital Bundle — IV + Weight Loss + Social,NPA-CB-001,cb-iv-intake,IV Therapy Intake & Consent Form,8.5x11,forms,,link_ready,https://www.canva.com/api/design/eyJhbGciOiJkaXIiLCJlbmMiOiJBMjU2R0NNIiwiZXhwaXJ5IjoxNzc3NTI2OTI1NTM3fQ..zL30iVhAARxEARsT.TrvHlFGiZIJKkr1M3BuK-4FUaRgbCP52KzaqdRDWGocBJxW0_LqEhS3NNDIKmq_e9S4lGqUG7sS9wjfo8rb4VA8_dRvansebIoCUaF4-MaCYklU.316_GWIXQn3wLhEGaGjWDg/edit?utm_source=OC-AZ06epE9RQFJ&utm_medium=referral&utm_term=67a22a36-5678-4a5b-a88e-c3fcde416819&utm_campaign=public_api_list_design_clicked_hyperlink,ready_to_import,,,auto-filled from Canva API
combo-bundle,Complete Med Spa Digital Bundle — IV + Weight Loss + Social,NPA-CB-001,cb-iv-menu,IV Drip Menu Template,8.5x11,marketing,,link_ready,https://www.canva.com/api/design/eyJhbGciOiJkaXIiLCJlbmMiOiJBMjU2R0NNIiwiZXhwaXJ5IjoxNzc3NTI2OTI1NTM3fQ..Ok1XDBbrSHMyC_xG.lwOetus9M4RlAIKHZKLerilfm2ZZHcS6JaMYDaxl56e9o13krHKHEwDNHbbGKgxJWIlgs3FNwT0YJTRMOXbFg2gTdQ_oG-9RtZAmKRZ5bJEeB2o.yv45mvvyeX33DdnQapjLbw/edit?utm_source=OC-AZ06epE9RQFJ&utm_medium=referral&utm_term=744c6ef6-826f-4e32-a8da-55ab6ff6ff90&utm_campaign=public_api_list_design_clicked_hyperlink,ready_to_import,,,auto-filled from Canva API
combo-bundle,Complete Med Spa Digital Bundle — IV + Weight Loss + Social,NPA-CB-001,cb-social-ig-square,Instagram Post Templates — 10-Pack,1080x1080,social,,link_ready,https://www.canva.com/api/design/eyJhbGciOiJkaXIiLCJlbmMiOiJBMjU2R0NNIiwiZXhwaXJ5IjoxNzc3NTI2OTI1NTM3fQ..vdCsQBeynwAaVJha.basR8WINDjXocvABkuHPSdVPJlQJ39jupVMk147ZHZBRe3p5lDtIfcROaXtHEHI71aOgLUMJm3VIMpS4Yb-JfMLoMyuvYVVyTCWQ-9Ena3F0zE4.d-bUq2RAyE6E5Um9EyxQLw/edit?utm_source=OC-AZ06epE9RQFJ&utm_medium=referral&utm_term=56bff9ce-21ce-4ccb-a9af-f31b2602405b&utm_campaign=public_api_list_design_clicked_hyperlink,ready_to_import,,,auto-filled from Canva API
combo-bundle,Complete Med Spa Digital Bundle — IV + Weight Loss + Social,NPA-CB-001,cb-social-story,Instagram Story Templates — 6-Pack,1080x1920,social,,link_ready,https://www.canva.com/api/design/eyJhbGciOiJkaXIiLCJlbmMiOiJBMjU2R0NNIiwiZXhwaXJ5IjoxNzc3NTI2OTI1NTM3fQ..myq20TOsh4zT9tnE.3KyQlNdHA6ZotYISurwn_CQYbtaIeSfoRfJeZlKPokApidqFBjYI6cVNSAhLMQu3k7OUKSap2H6cuYRrVOqPATUb-aJBLGr-oXaquoLxIxJR4Hk.pQdHfre36-a4ttp2C1I9sg/edit?utm_source=OC-AZ06epE9RQFJ&utm_medium=referral&utm_term=241e7c2a-b75d-4ce7-8b6f-9e1a820672ec&utm_campaign=public_api_list_design_clicked_hyperlink,ready_to_import,,,auto-filled from Canva API
combo-bundle,Complete Med Spa Digital Bundle — IV + Weight Loss + Social,NPA-CB-001,cb-wl-consent,GLP-1 Treatment Consent Form,8.5x11,forms,,not_started,PLACEHOLDER_CANVA_URL,not_imported,,,
combo-bundle,Complete Med Spa Digital Bundle — IV + Weight Loss + Social,NPA-CB-001,cb-wl-guide,What to Expect: Your GLP-1 Journey,8.5x11,education,,link_ready,https://www.canva.com/api/design/eyJhbGciOiJkaXIiLCJlbmMiOiJBMjU2R0NNIiwiZXhwaXJ5IjoxNzc3NTI2OTI1NTM3fQ..xT6NJgU1XGBQkeFG.TTMvJdhj0387kus6vizMwGytbfOeFOrgwRm19oQKGr_nREez7N0XY_4jsAD2botSCpo4cTgFPTyVtCzA2EdAUMQAukR6wLxKaAcfWgxqP5EErhg.pGpLZuhttfGst5m35DD9pw/edit?utm_source=OC-AZ06epE9RQFJ&utm_medium=referral&utm_term=195d9988-70d1-44b0-a6f5-da5863320342&utm_campaign=public_api_list_design_clicked_hyperlink,ready_to_import,,,auto-filled from Canva API
combo-bundle,Complete Med Spa Digital Bundle — IV + Weight Loss + Social,NPA-CB-001,cb-wl-intake,GLP-1 Patient Intake Form,8.5x11,forms,,not_started,PLACEHOLDER_CANVA_URL,not_imported,,,
complete-injector-bundle,Complete Injector Bundle,NPA-INJ-001,inj-beforeafter-01,Before and After Policy Card,1080x1080,social,,not_started,PLACEHOLDER_CANVA_URL,not_imported,,,
complete-injector-bundle,Complete Injector Bundle,NPA-INJ-001,inj-botox-01,Botox Education Spotlight,1080x1080,social,,not_started,PLACEHOLDER_CANVA_URL,not_imported,,,
complete-injector-bundle,Complete Injector Bundle,NPA-INJ-001,inj-consult-01,Injectables Consultation CTA,1080x1080,marketing,,not_started,PLACEHOLDER_CANVA_URL,not_imported,,,
complete-injector-bundle,Complete Injector Bundle,NPA-INJ-001,inj-crosssell-01,Botox + Filler Combo Value Post,1080x1080,marketing,,not_started,PLACEHOLDER_CANVA_URL,not_imported,,,
complete-injector-bundle,Complete Injector Bundle,NPA-INJ-001,inj-cta-01,Book Your Injector Appointment,1080x1080,marketing,,not_started,PLACEHOLDER_CANVA_URL,not_imported,,,
complete-injector-bundle,Complete Injector Bundle,NPA-INJ-001,inj-filler-01,Filler Education Spotlight,1080x1080,social,,not_started,PLACEHOLDER_CANVA_URL,not_imported,,,
complete-injector-bundle,Complete Injector Bundle,NPA-INJ-001,inj-membership-01,Injectables Membership Highlight,1080x1080,marketing,,not_started,PLACEHOLDER_CANVA_URL,not_imported,,,
complete-injector-bundle,Complete Injector Bundle,NPA-INJ-001,inj-myth-01,Injectables Myth vs Fact Carousel Cover,1080x1080,social,,not_started,PLACEHOLDER_CANVA_URL,not_imported,,,
complete-injector-bundle,Complete Injector Bundle,NPA-INJ-001,inj-overview-01,Complete Injector Service Menu,1080x1080,social,,not_started,PLACEHOLDER_CANVA_URL,not_imported,,,
complete-injector-bundle,Complete Injector Bundle,NPA-INJ-001,inj-promo-01,New Patient Injectables Offer,1080x1080,marketing,,not_started,PLACEHOLDER_CANVA_URL,not_imported,,,
filler-consent-bundle,Dermal Filler Consent + Pre/Post Care Bundle,NPA-FLR-001,flr-consent-form,Dermal Filler Informed Consent Form,8.5x11,forms,,not_started,PLACEHOLDER_CANVA_URL,not_imported,,,
filler-consent-bundle,Dermal Filler Consent + Pre/Post Care Bundle,NPA-FLR-001,flr-consultation-form,Dermal Filler Consultation & Medical History Form,8.5x11,forms,,not_started,PLACEHOLDER_CANVA_URL,not_imported,,,
filler-consent-bundle,Dermal Filler Consent + Pre/Post Care Bundle,NPA-FLR-001,flr-dissolving-consent,Hyaluronidase Dissolution Consent Form,8.5x11,forms,,not_started,PLACEHOLDER_CANVA_URL,not_imported,,,
filler-consent-bundle,Dermal Filler Consent + Pre/Post Care Bundle,NPA-FLR-001,flr-photo-release,Before/After Photography Consent,8.5x11,forms,,not_started,PLACEHOLDER_CANVA_URL,not_imported,,,
filler-consent-bundle,Dermal Filler Consent + Pre/Post Care Bundle,NPA-FLR-001,flr-postcare,Post-Treatment Aftercare Instructions — Dermal Filler,8.5x11,education,,not_started,PLACEHOLDER_CANVA_URL,not_imported,,,
filler-consent-bundle,Dermal Filler Consent + Pre/Post Care Bundle,NPA-FLR-001,flr-precare,Pre-Treatment Instructions — Dermal Filler,8.5x11,education,,not_started,PLACEHOLDER_CANVA_URL,not_imported,,,
filler-consent-bundle,Dermal Filler Consent + Pre/Post Care Bundle,NPA-FLR-001,flr-treatment-record,Filler Treatment Record & Product Log,8.5x11,clinical-record,,not_started,PLACEHOLDER_CANVA_URL,not_imported,,,
filler-social-bundle,Filler Social Media Bundle,NPA-FSX-001,fsx-consult-01,Filler Consultation Prep,1080x1080,social,,not_started,PLACEHOLDER_CANVA_URL,not_imported,,,
filler-social-bundle,Filler Social Media Bundle,NPA-FSX-001,fsx-cta-01,Book Your Filler Consultation,1080x1080,marketing,,not_started,PLACEHOLDER_CANVA_URL,not_imported,,,
filler-social-bundle,Filler Social Media Bundle,NPA-FSX-001,fsx-ed-01,Dermal Filler Basics,1080x1080,social,,not_started,PLACEHOLDER_CANVA_URL,not_imported,,,
filler-social-bundle,Filler Social Media Bundle,NPA-FSX-001,fsx-ed-02,Lip Filler Expectations,1080x1080,social,,not_started,PLACEHOLDER_CANVA_URL,not_imported,,,
filler-social-bundle,Filler Social Media Bundle,NPA-FSX-001,fsx-ed-03,Cheek and Chin Balancing Guide,1080x1080,social,,not_started,PLACEHOLDER_CANVA_URL,not_imported,,,
filler-social-bundle,Filler Social Media Bundle,NPA-FSX-001,fsx-myth-01,Myth vs Fact: Filler Migration,1080x1080,social,,not_started,PLACEHOLDER_CANVA_URL,not_imported,,,
filler-social-bundle,Filler Social Media Bundle,NPA-FSX-001,fsx-myth-02,Myth vs Fact: Filler Looks Fake,1080x1080,social,,not_started,PLACEHOLDER_CANVA_URL,not_imported,,,
filler-social-bundle,Filler Social Media Bundle,NPA-FSX-001,fsx-promo-01,Signature Lip Day Promo,1080x1080,marketing,,not_started,PLACEHOLDER_CANVA_URL,not_imported,,,
filler-social-bundle,Filler Social Media Bundle,NPA-FSX-001,fsx-promo-02,Bundle and Save Filler Packages,1080x1080,marketing,,not_started,PLACEHOLDER_CANVA_URL,not_imported,,,
filler-social-bundle,Filler Social Media Bundle,NPA-FSX-001,fsx-safety-01,Safety First: Who Is a Candidate?,1080x1080,social,,not_started,PLACEHOLDER_CANVA_URL,not_imported,,,
glp1-story-templates,GLP-1 Story Templates,NPA-GLS-001,gls-consult-01,GLP-1 Consultation Story CTA,1080x1920,marketing,,not_started,PLACEHOLDER_CANVA_URL,not_imported,,,
glp1-story-templates,GLP-1 Story Templates,NPA-GLS-001,gls-cta-01,Book Weight Loss Consult Story,1080x1920,marketing,,not_started,PLACEHOLDER_CANVA_URL,not_imported,,,
glp1-story-templates,GLP-1 Story Templates,NPA-GLS-001,gls-how-01,How GLP-1 Works Story,1080x1920,social,,link_ready,https://www.canva.com/api/design/eyJhbGciOiJkaXIiLCJlbmMiOiJBMjU2R0NNIiwiZXhwaXJ5IjoxNzc3NTI2OTI1NTM3fQ..cjHZxldTC0GdAM0N.I5YvgNP81nEw9Z7lxHdpQhvcdPURzwcEouaYdRacErdxZPwz9xoCftYaNxegnyhX_qjEVXHiRsDW-g9GI8TuD-HmG-ZcjfQDA0kVdGEqI5MSoww.iyV2isPB9IDPOPQ74WCofQ/edit?utm_source=OC-AZ06epE9RQFJ&utm_medium=referral&utm_term=b5d56c5e-f828-40a3-999f-92da35bdc2fa&utm_campaign=public_api_list_design_clicked_hyperlink,ready_to_import,,,auto-filled from Canva API
glp1-story-templates,GLP-1 Story Templates,NPA-GLS-001,gls-how-02,Week 1 Expectations Story,1080x1920,social,,link_ready,https://www.canva.com/api/design/eyJhbGciOiJkaXIiLCJlbmMiOiJBMjU2R0NNIiwiZXhwaXJ5IjoxNzc3NTI2OTI1NTM3fQ..5TMqCdv9_I1GY6Ck.OclLScMhlN7-Hn5nL43q8UL_vz-M_MW7AY_-Fn30SvtlJjXex1LLJ-nSzZpmY8_b3lAc1vOusTJeDNsUKnMg4VOQ1iG9fTCnsdiZzxgu54CPzKs.bQC8-l-CWzZQnwUiy_T1mA/edit?utm_source=OC-AZ06epE9RQFJ&utm_medium=referral&utm_term=46c8b882-e729-435a-9657-18e232030cc0&utm_campaign=public_api_list_design_clicked_hyperlink,ready_to_import,,,auto-filled from Canva API
glp1-story-templates,GLP-1 Story Templates,NPA-GLS-001,gls-milestone-01,Progress Milestone Celebration Story,1080x1920,social,,not_started,PLACEHOLDER_CANVA_URL,not_imported,,,
glp1-story-templates,GLP-1 Story Templates,NPA-GLS-001,gls-myth-01,GLP-1 Myth vs Fact Story,1080x1920,social,,not_started,PLACEHOLDER_CANVA_URL,not_imported,,,
glp1-story-templates,GLP-1 Story Templates,NPA-GLS-001,gls-myth-02,Weight Loss Timeline Reality Story,1080x1920,social,,not_started,PLACEHOLDER_CANVA_URL,not_imported,,,
glp1-story-templates,GLP-1 Story Templates,NPA-GLS-001,gls-promo-01,Program Offer Story,1080x1920,marketing,,not_started,PLACEHOLDER_CANVA_URL,not_imported,,,
glp1-story-templates,GLP-1 Story Templates,NPA-GLS-001,gls-support-01,Side Effect Support Story,1080x1920,social,,not_started,PLACEHOLDER_CANVA_URL,not_imported,,,
glp1-story-templates,GLP-1 Story Templates,NPA-GLS-001,gls-support-02,Hydration and Protein Reminder Story,1080x1920,social,,not_started,PLACEHOLDER_CANVA_URL,not_imported,,,
iv-story-templates,IV Therapy Story Templates,NPA-IVS-001,ivs-cta-01,Book IV Session Story CTA,1080x1920,marketing,,not_started,PLACEHOLDER_CANVA_URL,not_imported,,,
iv-story-templates,IV Therapy Story Templates,NPA-IVS-001,ivs-edu-01,How IV Therapy Works Story,1080x1920,social,,not_started,PLACEHOLDER_CANVA_URL,not_imported,,,
iv-story-templates,IV Therapy Story Templates,NPA-IVS-001,ivs-edu-02,Who Is a Good Candidate? Story,1080x1920,social,,not_started,PLACEHOLDER_CANVA_URL,not_imported,,,
iv-story-templates,IV Therapy Story Templates,NPA-IVS-001,ivs-faq-01,IV FAQ: How Long Does It Take?,1080x1920,social,,link_ready,https://www.canva.com/api/design/eyJhbGciOiJkaXIiLCJlbmMiOiJBMjU2R0NNIiwiZXhwaXJ5IjoxNzc3NTI2OTI1NTM3fQ..cjHZxldTC0GdAM0N.I5YvgNP81nEw9Z7lxHdpQhvcdPURzwcEouaYdRacErdxZPwz9xoCftYaNxegnyhX_qjEVXHiRsDW-g9GI8TuD-HmG-ZcjfQDA0kVdGEqI5MSoww.iyV2isPB9IDPOPQ74WCofQ/edit?utm_source=OC-AZ06epE9RQFJ&utm_medium=referral&utm_term=b5d56c5e-f828-40a3-999f-92da35bdc2fa&utm_campaign=public_api_list_design_clicked_hyperlink,ready_to_import,,,auto-filled from Canva API
iv-story-templates,IV Therapy Story Templates,NPA-IVS-001,ivs-faq-02,IV FAQ: How Often Should I Come?,1080x1920,social,,not_started,PLACEHOLDER_CANVA_URL,not_imported,,,
iv-story-templates,IV Therapy Story Templates,NPA-IVS-001,ivs-promo-01,IV Promo Story,1080x1920,marketing,,link_ready,https://www.canva.com/api/design/eyJhbGciOiJkaXIiLCJlbmMiOiJBMjU2R0NNIiwiZXhwaXJ5IjoxNzc3NTI2OTI1NTM3fQ..X3tcIJH_1Z1mFXTc.f_pt_HoUlXqEDSnxa8TVHTy08lxofEfvHUz6e50oZud_kZPnOC6HIiUwFPSWE6C2jKOH00MDkAENVE3Ja0VgzlKlsMPUPVbIpVFlzuJ_IE5tYP4.lUoz2IbOGQ00aQMb3b3aWQ/edit?utm_source=OC-AZ06epE9RQFJ&utm_medium=referral&utm_term=4caf62a4-c44f-471f-bdf7-e9621e85893c&utm_campaign=public_api_list_design_clicked_hyperlink,ready_to_import,,,auto-filled from Canva API
iv-story-templates,IV Therapy Story Templates,NPA-IVS-001,ivs-promo-02,Limited Slots Story,1080x1920,marketing,,not_started,PLACEHOLDER_CANVA_URL,not_imported,,,
iv-story-templates,IV Therapy Story Templates,NPA-IVS-001,ivs-spot-01,Hydration Drip Spotlight Story,1080x1920,social,,link_ready,https://www.canva.com/api/design/eyJhbGciOiJkaXIiLCJlbmMiOiJBMjU2R0NNIiwiZXhwaXJ5IjoxNzc3NTI2OTI1NTM3fQ..zL9CciFK9ev2k16f.FIk8htznSRzEQMqK0FWH9kdBCwLjgGKwvgEPSrVbb25I51roGuQ8gTfMEh8baTT0MKvCFwPzPdc2ZYbRTVxUQBfO7ktEZ-RRqJSoaxIfON6bCC4.rSTsBDw0Mcj_m5m4ycx-9w/edit?utm_source=OC-AZ06epE9RQFJ&utm_medium=referral&utm_term=74a7ff54-4111-499a-bc14-2c270205a1e9&utm_campaign=public_api_list_design_clicked_hyperlink,ready_to_import,,,auto-filled from Canva API
iv-story-templates,IV Therapy Story Templates,NPA-IVS-001,ivs-spot-02,Immunity Drip Spotlight Story,1080x1920,social,,not_started,PLACEHOLDER_CANVA_URL,not_imported,,,
iv-story-templates,IV Therapy Story Templates,NPA-IVS-001,ivs-spot-03,Beauty Drip Spotlight Story,1080x1920,social,,not_started,PLACEHOLDER_CANVA_URL,not_imported,,,
lash-aftercare-kit,Lash Extension & Lash Lift Client Education Kit,NPA-LSH-001,lsh-aftercare-extensions,Lash Extension Aftercare Instructions,8.5x11,education,,not_started,PLACEHOLDER_CANVA_URL,not_imported,,,
lash-aftercare-kit,Lash Extension & Lash Lift Client Education Kit,NPA-LSH-001,lsh-aftercare-lift,Lash Lift Aftercare Instructions,8.5x11,education,,not_started,PLACEHOLDER_CANVA_URL,not_imported,,,
lash-aftercare-kit,Lash Extension & Lash Lift Client Education Kit,NPA-LSH-001,lsh-allergy-waiver,Patch Test Waiver & Allergy Release,8.5x11,forms,,link_ready,https://www.canva.com/api/design/eyJhbGciOiJkaXIiLCJlbmMiOiJBMjU2R0NNIiwiZXhwaXJ5IjoxNzc3NTI2OTI1NTM4fQ..quQPBk0jP3hsOEO9.m4klEpdyCl5wNKlUzyuIvw8cybmk53Xe3xvSNcajkKJYtsA1-NWXUaJxhYEVQ7VY-QZyEc9tMfc6mVyR4umWlTE8N5HcaSmyQPVRPXb7LffVjNI.9fRTkh_pADniULZgH3Eq-A/edit?utm_source=OC-AZ06epE9RQFJ&utm_medium=referral&utm_term=8adc6fb9-01a6-4928-907d-6e8cf9aee8a8&utm_campaign=public_api_list_design_clicked_hyperlink,ready_to_import,,,auto-filled from Canva API
lash-aftercare-kit,Lash Extension & Lash Lift Client Education Kit,NPA-LSH-001,lsh-extension-consent,Lash Extension Consent Form,8.5x11,forms,,not_started,PLACEHOLDER_CANVA_URL,not_imported,,,
lash-aftercare-kit,Lash Extension & Lash Lift Client Education Kit,NPA-LSH-001,lsh-intake-form,Lash Client Intake & Health History Form,8.5x11,forms,,link_ready,https://www.canva.com/api/design/eyJhbGciOiJkaXIiLCJlbmMiOiJBMjU2R0NNIiwiZXhwaXJ5IjoxNzc3NTI2OTI1NTM4fQ..d6cj9E-Jn554WDTL.hfj4tDcPP80QVddpxTlVumRMGJwiN0q5G9evfI2Fwkf-DuHHXvCvuwWsAgrrJ9ggxlug34j6ulAJx_9N6cjX3OipA1NAQSxN2-os4jZacdOd8tM.JXF-pOR6L-HxLC3hcnnFbg/edit?utm_source=OC-AZ06epE9RQFJ&utm_medium=referral&utm_term=28a3e55e-38a4-4c17-ad40-dc014e1f6fe0&utm_campaign=public_api_list_design_clicked_hyperlink,ready_to_import,,,auto-filled from Canva API
lash-aftercare-kit,Lash Extension & Lash Lift Client Education Kit,NPA-LSH-001,lsh-lift-consent,Lash Lift & Tint Consent Form,8.5x11,forms,,not_started,PLACEHOLDER_CANVA_URL,not_imported,,,
lash-aftercare-kit,Lash Extension & Lash Lift Client Education Kit,NPA-LSH-001,lsh-rebook-card,Rebooking Reminder Card,3.5x2,marketing,,not_started,PLACEHOLDER_CANVA_URL,not_imported,,,
medspa-promo-pack,Med Spa Promo Templates Pack,NPA-PRM-001,prm-consult-01,Free Consultation CTA,1080x1080,marketing,,not_started,PLACEHOLDER_CANVA_URL,not_imported,,,
medspa-promo-pack,Med Spa Promo Templates Pack,NPA-PRM-001,prm-cta-01,Book Now Action Post,1080x1080,marketing,,not_started,PLACEHOLDER_CANVA_URL,not_imported,,,
medspa-promo-pack,Med Spa Promo Templates Pack,NPA-PRM-001,prm-membership-01,Membership Savings Promo,1080x1080,marketing,,not_started,PLACEHOLDER_CANVA_URL,not_imported,,,
medspa-promo-pack,Med Spa Promo Templates Pack,NPA-PRM-001,prm-offer-01,New Patient Offer Graphic,1080x1080,marketing,,not_started,PLACEHOLDER_CANVA_URL,not_imported,,,
medspa-promo-pack,Med Spa Promo Templates Pack,NPA-PRM-001,prm-offer-02,Flash Sale Announcement,1080x1080,marketing,,not_started,PLACEHOLDER_CANVA_URL,not_imported,,,
medspa-promo-pack,Med Spa Promo Templates Pack,NPA-PRM-001,prm-offer-03,BOGO or Package Offer,1080x1080,marketing,,not_started,PLACEHOLDER_CANVA_URL,not_imported,,,
medspa-promo-pack,Med Spa Promo Templates Pack,NPA-PRM-001,prm-referral-01,Referral Reward Graphic,1080x1080,marketing,,not_started,PLACEHOLDER_CANVA_URL,not_imported,,,
medspa-promo-pack,Med Spa Promo Templates Pack,NPA-PRM-001,prm-seasonal-01,Seasonal Offer Spotlight,1080x1080,marketing,,not_started,PLACEHOLDER_CANVA_URL,not_imported,,,
medspa-promo-pack,Med Spa Promo Templates Pack,NPA-PRM-001,prm-urgency-01,Limited Appointments This Week,1080x1080,marketing,,not_started,PLACEHOLDER_CANVA_URL,not_imported,,,
medspa-promo-pack,Med Spa Promo Templates Pack,NPA-PRM-001,prm-urgency-02,Last Chance Promo Reminder,1080x1080,marketing,,not_started,PLACEHOLDER_CANVA_URL,not_imported,,,
myths-facts-injectors,Myths vs Facts for Injectors,NPA-MVF-001,mvf-btx-01,Botox Myth vs Fact #1,1080x1080,social,,not_started,PLACEHOLDER_CANVA_URL,not_imported,,,
myths-facts-injectors,Myths vs Facts for Injectors,NPA-MVF-001,mvf-btx-02,Botox Myth vs Fact #2,1080x1080,social,,not_started,PLACEHOLDER_CANVA_URL,not_imported,,,
myths-facts-injectors,Myths vs Facts for Injectors,NPA-MVF-001,mvf-consult-01,Consultation Myth vs Fact,1080x1080,social,,not_started,PLACEHOLDER_CANVA_URL,not_imported,,,
myths-facts-injectors,Myths vs Facts for Injectors,NPA-MVF-001,mvf-engage-01,Ask Us Anything Prompt,1080x1080,social,,not_started,PLACEHOLDER_CANVA_URL,not_imported,,,
myths-facts-injectors,Myths vs Facts for Injectors,NPA-MVF-001,mvf-flr-01,Filler Myth vs Fact #1,1080x1080,social,,not_started,PLACEHOLDER_CANVA_URL,not_imported,,,
myths-facts-injectors,Myths vs Facts for Injectors,NPA-MVF-001,mvf-flr-02,Filler Myth vs Fact #2,1080x1080,social,,not_started,PLACEHOLDER_CANVA_URL,not_imported,,,
myths-facts-injectors,Myths vs Facts for Injectors,NPA-MVF-001,mvf-glp1-01,GLP-1 Myth vs Fact,1080x1080,social,,not_started,PLACEHOLDER_CANVA_URL,not_imported,,,
myths-facts-injectors,Myths vs Facts for Injectors,NPA-MVF-001,mvf-iv-01,IV Therapy Myth vs Fact,1080x1080,social,,link_ready,https://www.canva.com/api/design/eyJhbGciOiJkaXIiLCJlbmMiOiJBMjU2R0NNIiwiZXhwaXJ5IjoxNzc3NTI2OTI1NTM3fQ..cjHZxldTC0GdAM0N.I5YvgNP81nEw9Z7lxHdpQhvcdPURzwcEouaYdRacErdxZPwz9xoCftYaNxegnyhX_qjEVXHiRsDW-g9GI8TuD-HmG-ZcjfQDA0kVdGEqI5MSoww.iyV2isPB9IDPOPQ74WCofQ/edit?utm_source=OC-AZ06epE9RQFJ&utm_medium=referral&utm_term=b5d56c5e-f828-40a3-999f-92da35bdc2fa&utm_campaign=public_api_list_design_clicked_hyperlink,ready_to_import,,,auto-filled from Canva API
myths-facts-injectors,Myths vs Facts for Injectors,NPA-MVF-001,mvf-safety-01,Injectables Safety Myth vs Fact,1080x1080,social,,not_started,PLACEHOLDER_CANVA_URL,not_imported,,,
myths-facts-injectors,Myths vs Facts for Injectors,NPA-MVF-001,mvf-save-01,Save This Educational Post,1080x1080,social,,not_started,PLACEHOLDER_CANVA_URL,not_imported,,,
new-patient-membership-pack,New Patient Offer and Membership Pack,NPA-NPM-001,npm-consult-01,New Patient Consultation Offer,1080x1080,marketing,,not_started,PLACEHOLDER_CANVA_URL,not_imported,,,
new-patient-membership-pack,New Patient Offer and Membership Pack,NPA-NPM-001,npm-consult-02,Consultation Promo Variant,1080x1080,marketing,,not_started,PLACEHOLDER_CANVA_URL,not_imported,,,
new-patient-membership-pack,New Patient Offer and Membership Pack,NPA-NPM-001,npm-cta-01,Book Your Consult Today,1080x1080,marketing,,not_started,PLACEHOLDER_CANVA_URL,not_imported,,,
new-patient-membership-pack,New Patient Offer and Membership Pack,NPA-NPM-001,npm-cta-02,Limited Membership Spots,1080x1080,marketing,,not_started,PLACEHOLDER_CANVA_URL,not_imported,,,
new-patient-membership-pack,New Patient Offer and Membership Pack,NPA-NPM-001,npm-member-01,Membership Program Overview,1080x1080,marketing,,not_started,PLACEHOLDER_CANVA_URL,not_imported,,,
new-patient-membership-pack,New Patient Offer and Membership Pack,NPA-NPM-001,npm-member-02,Membership Savings Breakdown,1080x1080,marketing,,not_started,PLACEHOLDER_CANVA_URL,not_imported,,,
new-patient-membership-pack,New Patient Offer and Membership Pack,NPA-NPM-001,npm-package-01,Package Comparison Chart,1080x1080,marketing,,not_started,PLACEHOLDER_CANVA_URL,not_imported,,,
new-patient-membership-pack,New Patient Offer and Membership Pack,NPA-NPM-001,npm-ref-01,Referral Bonus Graphic,1080x1080,marketing,,not_started,PLACEHOLDER_CANVA_URL,not_imported,,,
new-patient-membership-pack,New Patient Offer and Membership Pack,NPA-NPM-001,npm-ref-02,Bring-a-Friend Offer,1080x1080,marketing,,not_started,PLACEHOLDER_CANVA_URL,not_imported,,,
new-patient-membership-pack,New Patient Offer and Membership Pack,NPA-NPM-001,npm-story-01,Membership Story Promo,1080x1920,marketing,,not_started,PLACEHOLDER_CANVA_URL,not_imported,,,
peptide-patient-guide,Peptide Therapy & BHRT Patient Education Bundle,NPA-PEP-001,pep-bhrt-guide,Understanding BHRT: A Patient's Guide,8.5x11,education,,link_ready,https://www.canva.com/api/design/eyJhbGciOiJkaXIiLCJlbmMiOiJBMjU2R0NNIiwiZXhwaXJ5IjoxNzc3NTI2OTI1NTM3fQ..oxZJ75SSB1QkBhTH.AsvjpJsvUO2DeNqniz1Vi7gDqQAmJKK8bKDQF0fQe9iJLrrjN1Q7J9uT7kP5s5_gdd5ZvLo_Y4R_FrClDBSdJQyzGAu2LbktO8j1k5H0bMDjAPk.zh6nRNLw5XDyO37eLQnThw/edit?utm_source=OC-AZ06epE9RQFJ&utm_medium=referral&utm_term=b4488c77-0a1a-45a4-8bc3-f7870638e7de&utm_campaign=public_api_list_design_clicked_hyperlink,ready_to_import,,,auto-filled from Canva API
peptide-patient-guide,Peptide Therapy & BHRT Patient Education Bundle,NPA-PEP-001,pep-consent-form,Peptide Therapy Informed Consent Form,8.5x11,forms,,not_started,PLACEHOLDER_CANVA_URL,not_imported,,,
peptide-patient-guide,Peptide Therapy & BHRT Patient Education Bundle,NPA-PEP-001,pep-faq-card,Peptide Therapy FAQ Card,5x7,education,,not_started,PLACEHOLDER_CANVA_URL,not_imported,,,
peptide-patient-guide,Peptide Therapy & BHRT Patient Education Bundle,NPA-PEP-001,pep-intake-form,Peptide & Hormone Therapy Intake Form,8.5x11,forms,,not_started,PLACEHOLDER_CANVA_URL,not_imported,,,
peptide-patient-guide,Peptide Therapy & BHRT Patient Education Bundle,NPA-PEP-001,pep-self-injection-guide,Self-Injection Training Guide,8.5x11,education,,not_started,PLACEHOLDER_CANVA_URL,not_imported,,,
peptide-patient-guide,Peptide Therapy & BHRT Patient Education Bundle,NPA-PEP-001,pep-symptom-tracker,Monthly Symptom & Progress Tracker,8.5x11,tracker,,not_started,PLACEHOLDER_CANVA_URL,not_imported,,,
peptide-patient-guide,Peptide Therapy & BHRT Patient Education Bundle,NPA-PEP-001,pep-what-are-peptides,What Are Peptides? Patient Education Guide,8.5x11,education,,not_started,PLACEHOLDER_CANVA_URL,not_imported,,,
review-testimonial-pack,Review and Testimonial Template Pack,NPA-RVW-001,rvw-beforeafter-01,Results Story Framework,1080x1080,social,,not_started,PLACEHOLDER_CANVA_URL,not_imported,,,
review-testimonial-pack,Review and Testimonial Template Pack,NPA-RVW-001,rvw-cta-01,Book Your Consultation CTA,1080x1080,marketing,,not_started,PLACEHOLDER_CANVA_URL,not_imported,,,
review-testimonial-pack,Review and Testimonial Template Pack,NPA-RVW-001,rvw-experience-01,Patient Experience Timeline,1080x1080,social,,not_started,PLACEHOLDER_CANVA_URL,not_imported,,,
review-testimonial-pack,Review and Testimonial Template Pack,NPA-RVW-001,rvw-experience-02,Why Clients Keep Coming Back,1080x1080,social,,not_started,PLACEHOLDER_CANVA_URL,not_imported,,,
review-testimonial-pack,Review and Testimonial Template Pack,NPA-RVW-001,rvw-provider-01,Meet Your Provider Credibility Post,1080x1080,social,,not_started,PLACEHOLDER_CANVA_URL,not_imported,,,
review-testimonial-pack,Review and Testimonial Template Pack,NPA-RVW-001,rvw-provider-02,Training and Certification Spotlight,1080x1080,social,,not_started,PLACEHOLDER_CANVA_URL,not_imported,,,
review-testimonial-pack,Review and Testimonial Template Pack,NPA-RVW-001,rvw-quote-01,Patient Quote Card #1,1080x1080,social,,not_started,PLACEHOLDER_CANVA_URL,not_imported,,,
review-testimonial-pack,Review and Testimonial Template Pack,NPA-RVW-001,rvw-quote-02,Patient Quote Card #2,1080x1080,social,,not_started,PLACEHOLDER_CANVA_URL,not_imported,,,
review-testimonial-pack,Review and Testimonial Template Pack,NPA-RVW-001,rvw-review-01,5-Star Review Highlight,1080x1080,social,,not_started,PLACEHOLDER_CANVA_URL,not_imported,,,
review-testimonial-pack,Review and Testimonial Template Pack,NPA-RVW-001,rvw-review-02,What Patients Say About Us,1080x1080,social,,not_started,PLACEHOLDER_CANVA_URL,not_imported,,,
seasonal-marketing-pack,Seasonal Med Spa Marketing Pack,NPA-SEA-001,sea-fall-01,Fall Reset Campaign Post,1080x1080,marketing,,not_started,PLACEHOLDER_CANVA_URL,not_imported,,,
seasonal-marketing-pack,Seasonal Med Spa Marketing Pack,NPA-SEA-001,sea-holiday-01,Holiday Recovery Offer,1080x1080,marketing,,not_started,PLACEHOLDER_CANVA_URL,not_imported,,,
seasonal-marketing-pack,Seasonal Med Spa Marketing Pack,NPA-SEA-001,sea-holiday-02,Gift Card and Membership Push,1080x1080,marketing,,not_started,PLACEHOLDER_CANVA_URL,not_imported,,,
seasonal-marketing-pack,Seasonal Med Spa Marketing Pack,NPA-SEA-001,sea-limited-01,Limited-Time Seasonal Countdown,1080x1080,marketing,,not_started,PLACEHOLDER_CANVA_URL,not_imported,,,
seasonal-marketing-pack,Seasonal Med Spa Marketing Pack,NPA-SEA-001,sea-newyear-01,New Year New You Campaign,1080x1080,marketing,,not_started,PLACEHOLDER_CANVA_URL,not_imported,,,
seasonal-marketing-pack,Seasonal Med Spa Marketing Pack,NPA-SEA-001,sea-newyear-02,January Booking CTA,1080x1080,marketing,,not_started,PLACEHOLDER_CANVA_URL,not_imported,,,
seasonal-marketing-pack,Seasonal Med Spa Marketing Pack,NPA-SEA-001,sea-spring-01,Spring Refresh Campaign Post,1080x1080,marketing,,not_started,PLACEHOLDER_CANVA_URL,not_imported,,,
seasonal-marketing-pack,Seasonal Med Spa Marketing Pack,NPA-SEA-001,sea-spring-02,Spring Consultation CTA,1080x1080,marketing,,not_started,PLACEHOLDER_CANVA_URL,not_imported,,,
seasonal-marketing-pack,Seasonal Med Spa Marketing Pack,NPA-SEA-001,sea-summer-01,Summer Prep Treatment Promo,1080x1080,marketing,,not_started,PLACEHOLDER_CANVA_URL,not_imported,,,
seasonal-marketing-pack,Seasonal Med Spa Marketing Pack,NPA-SEA-001,sea-summer-02,Hot Weather Skin Support Post,1080x1080,social,,not_started,PLACEHOLDER_CANVA_URL,not_imported,,,
weight-loss-kit,GLP-1 Weight Loss Patient Onboarding Kit,NPA-WL-001,wl-aftercare-card,Injection Day Aftercare Card,3.5x2,education,,not_started,PLACEHOLDER_CANVA_URL,not_imported,,,
weight-loss-kit,GLP-1 Weight Loss Patient Onboarding Kit,NPA-WL-001,wl-consent-form,GLP-1 Treatment Consent Form,8.5x11,forms,,not_started,PLACEHOLDER_CANVA_URL,not_imported,,,
weight-loss-kit,GLP-1 Weight Loss Patient Onboarding Kit,NPA-WL-001,wl-expectation-guide,What to Expect: Your GLP-1 Journey,8.5x11,education,,not_started,PLACEHOLDER_CANVA_URL,not_imported,,,
weight-loss-kit,GLP-1 Weight Loss Patient Onboarding Kit,NPA-WL-001,wl-intake-form,GLP-1 Patient Intake Form,8.5x11,forms,,not_started,PLACEHOLDER_CANVA_URL,not_imported,,,
weight-loss-kit,GLP-1 Weight Loss Patient Onboarding Kit,NPA-WL-001,wl-nutrition-tracker,Weekly Nutrition & Symptom Tracker,8.5x11,tracker,,not_started,PLACEHOLDER_CANVA_URL,not_imported,,,
weight-loss-kit,GLP-1 Weight Loss Patient Onboarding Kit,NPA-WL-001,wl-progress-photo-release,Progress Photo & Video Release Form,8.5x11,forms,,not_started,PLACEHOLDER_CANVA_URL,not_imported,,,
weight-loss-kit,GLP-1 Weight Loss Patient Onboarding Kit,NPA-WL-001,wl-side-effect-log,Side Effect Log & Action Guide,8.5x11,forms,,not_started,PLACEHOLDER_CANVA_URL,not_imported,,,
